优先级,集群,关键词,搜索意图,预估热度,竞争度,机会度,机会理由,承接页类型,建议URL,建议Title,建议Description
P0,A-核心品类,双人小游戏,交易-找游戏,极高,高,高,已有/special/1.htm基础+4399域名权重+Intent明确是同屏对战,聚合专题页,/special/shuangrenxiaoyouxi.htm,双人小游戏大全_2026最新60款_一台电脑两个人玩,4399双人小游戏大全收录60款支持一台电脑两人同屏对战与合作的精品游戏，无需下载打开即玩，含球类、竞技、闯关三大类，每天上新。
P0,A-核心品类,双人小游戏大全,交易-找游戏,极高,高,高,大盘词且已在首页title中，需专属落地页承接而非只靠首页,聚合专题页,/special/shuangrenxiaoyouxi.htm,双人小游戏大全_2026最新60款_一台电脑两个人玩,4399双人小游戏大全收录60款支持一台电脑两人同屏对战与合作的精品游戏，无需下载打开即玩，含球类、竞技、闯关三大类，每天上新。
P0,A-核心品类,4399双人小游戏,导航-品牌+品类,高,低,极高,品牌词护城河，官方域名天然第一,聚合专题页,/special/shuangrenxiaoyouxi.htm,4399双人小游戏大全_一台电脑两人同屏在线玩,4399官方双人小游戏专区，精选支持同一台电脑两人分区对战或合作的游戏，点开即玩不占内存，附按键说明，每日更新。
P0,A-核心品类,小游戏大全,交易-找游戏,极高,高,高,已在首页title，需专页防止内页互相抢排名,聚合专题页,/special/xiaoyouxidaquan.htm,小游戏大全_2026最新好玩小游戏1200款_在线玩,4399小游戏大全每日更新25款以上全新免费小游戏，涵盖益智、竞技、休闲、儿童四大类，全部网页版无需下载，打开浏览器即玩。
P0,A-核心品类,4399小游戏,导航-品牌,极高,低,极高,绝对品牌词，必须稳居第一并保持首屏可玩,聚合专题页,首页已承接,4399小游戏_4399官网_免费在线小游戏12000款,4399小游戏官网，收录12000余款免费在线网页游戏，含双人、益智、休闲、儿童等十六大分类，免下载免安装，打开即玩，每日上新。
P0,D-场景设备,一台电脑两个人玩的游戏,交易-找游戏,高,低,极高,典型口语化痛点词，现有页面均未针对该问法作答,场景答疑页,/zy/yitaidiannaoliangrenwandeyouxi.htm,一台电脑两个人玩的游戏推荐_双人同屏30款_不用联网,一台电脑也能两个人一起玩！4399精选30款支持同屏双人对战或合作的小游戏，不用两台设备不用手柄，打开网页一人一边键盘就能玩。
P0,D-场景设备,同屏双人游戏,交易-找游戏,中,低,高,与双人同义但更精准，现有页面从未提及该叫法,聚合专题页,/special/tongpingshuangren.htm,同屏双人游戏大全_2026最新40款_一个键盘两人玩,4399同屏双人游戏合集，支持一个键盘两人分区操作，含对战、合作、竞速三种玩法，全部网页版免下载，叫上朋友一起玩。
P0,D-场景设备,不用下载的游戏,交易-找游戏,高,中,高,H5核心优势词，精准匹配不愿装客户端的用户,聚合专题页,/special/buxuyaoxiazai.htm,不用下载的游戏大全_网页版直接玩_2026免安装1200款,不想下载安装包？4399提供网页版免下载游戏，点开就能玩不占手机内存，支持电脑与手机浏览器，关掉即走不留垃圾文件。
P0,C-系列IP,森林冰火人,交易-找游戏/系列,极高,高,高,库存含第1至7部加世界杯加平行世界，系列全家桶是独家优势,系列聚合页,/xilie/senlinbinghuoren.htm,森林冰火人全集_1到7部在线玩_冰火人闯关攻略,森林冰火人全集在线玩，收录冰娃火娃1至7代及世界杯、平行世界全部作品，无需下载打开即玩，闯关双人合作必玩，附每部区别说明。
P0,C-系列IP,火柴人小游戏,交易-找游戏/系列,极高,高,高,已有/special/136.htm，但几十款库存未充分聚合,系列聚合页,/special/huochairen.htm,火柴人小游戏大全_2026最新50款_火柴人战争在线玩,4399火柴人游戏合集收录战争、格斗、进化、弓箭对战等50款火柴人作品，全部网页版免下载，点击画面即刻开打，持续上新。
P0,C-系列IP,黄金矿工,交易-找游戏/怀旧,高,中,高,经典怀旧长青词，搜索稳定且4399有双人版,系列聚合页,/xilie/huangjingkuanggong.htm,黄金矿工在线玩_经典版加双人版_免下载攻略,4399黄金矿工在线玩，含经典版与双人合作版，用钩子抓金子钻石，怀旧网吧神作，支持网页直接打开，附高分技巧。
P0,C-系列IP,我的世界小游戏,交易-找游戏,极高,高,高,巨大IP，建议用沙盒建造类同款承接以规避版权风险,聚合专题页,/special/wodeshijie.htm,我的世界小游戏大全_2026沙盒建造类_在线免费玩,4399沙盒建造类小游戏合集，像我的世界一样自由挖矿、建造、生存，网页版免下载打开即玩，含像素生存与迷你村庄等同类型耐玩游戏。
P0,E-攻略长尾,{游戏名}攻略,信息-攻略,极高,中,极高,每个热门游戏都有攻略需求，当前搜索结果多为低质采集站，官方站可碾压,攻略页,/gonglue/{game}-gonglue.htm,{游戏名}攻略_通关技巧加按键说明_4399在线玩,《游戏名》最新攻略：详述每关打法、隐藏道具与boss弱点，附完整按键操作说明，边看边玩可直接在该页面开一局，无需跳转。
P0,E-攻略长尾,{游戏名}怎么玩,信息,极高,低,极高,口语化问法，转化极高，用户看完马上开玩,攻略页,/gonglue/{game}-zenmewan.htm,{游戏名}怎么玩_新手入门加操作键位看这一篇,第一次玩《游戏名》？这篇讲清怎么开始、按键怎么按、目标是什么、有哪些坑，看完三十秒上手，页面右侧可直接免费开玩。
P0,E-攻略长尾,{游戏名}第X关怎么过,信息-点状,高,低,极高,超长尾，数量巨大，竞争极低，转化最高,攻略页,/gonglue/{game}-di{N}guan.htm,{游戏名}第{N}关怎么过_通关打法图文详解,卡在《游戏名》第{N}关？给出本关三步通关思路、道具使用时机与常见失误，页面内即可边看边练。
P1,B-玩法品类,连连看小游戏,交易-找游戏,高,中,高,已有/special/8.htm，需重做内容并语义化URL,聚合专题页,/special/lianliankan.htm,连连看小游戏大全_2026最新40款_免费在线玩,4399连连看大全收录宠物、水果、麻将等多种主题的40款作品，考验眼力与手速，网页版免下载，打开即消，支持限时与无尽模式。
P1,B-玩法品类,塔防小游戏,交易-找游戏,高,中,高,库存充足，可借势头部同类IP词,聚合专题页,/special/tafang.htm,塔防小游戏大全_2026最新30款_策略布阵在线玩,4399塔防游戏合集收录30款策略塔防作品，排兵布阵守住防线，免下载网页直开，含新手布阵思路与升级顺序建议。
P1,B-玩法品类,密室逃脱小游戏,交易-找游戏,高,中,高,解谜类需求旺，站内已有合辑资源,聚合专题页,/special/mishitaotuo.htm,密室逃脱小游戏大全_2026最新20款_免费在线玩,4399密室逃脱合集收录卧室、学校、古堡等主题的20款解谜逃出游戏，找线索开机关，网页版免下载，附全流程通关提示。
P1,B-玩法品类,跑酷小游戏,交易-找游戏,高,中,中,H5跑酷库存多，但缺少聚合落地页,聚合专题页,/special/paoku.htm,跑酷小游戏大全_2026最新25款_无限跑酷在线玩,4399跑酷游戏合集收录25款无限跑酷与障碍跳跃类作品，操作简单手感跟手，网页版即点即玩，含3D与像素两种画风。
P1,B-玩法品类,赛车小游戏,交易-找游戏,高,中,中,需求稳定，多款3D赛车库存,聚合专题页,/special/saiche.htm,赛车小游戏大全_2026最新30款_3D飙车在线玩,4399赛车游戏合集收录竞速、漂移、改装主题的30款作品，含3D大脚车与摩托竞技，网页版免下载打开即飙。
P1,B-玩法品类,换装小游戏,交易-找游戏,高,中,高,女性用户刚需，已有公主专题可合并算力,聚合专题页,/special/huanzhuang.htm,换装小游戏大全_2026最新40款_免费在线玩不用下载,4399换装类游戏合集收录公主、校园、明星等主题的40款装扮游戏，上千件服饰自由搭配，网页版免下载，打开就能搭。
P1,B-玩法品类,做饭小游戏,交易-找游戏,中,中,高,细分明确，亲子与女生用户偏好，竞争低,聚合专题页,/special/zuofan.htm,做饭小游戏大全_2026最新20款_厨房料理在线玩,4399做饭料理游戏合集收录做菜、烤蛋糕、开餐厅等20款厨房模拟游戏，跟着步骤动手做，网页版免下载，适合亲子一起玩。
P1,B-玩法品类,消消乐小游戏,交易-找游戏,极高,高,中,大盘词，竞争强，需长期耕耘累积权重,聚合专题页,/special/xiaoxiaole.htm,消消乐小游戏大全_2026最新50款_免费在线玩,4399消除类游戏合集收录三消、宝石迷阵、水果消除等多种玩法的50款作品，不用下载点击就消，通关利索不费流量。
P1,B-玩法品类,益智小游戏,交易-找游戏,高,中,中,已进入首页导航，需专页配合承接长尾,聚合专题页,/special/yizhi.htm,益智小游戏大全_2026最新60款_锻炼思维在线玩,4399益智游戏合集收录拼图、推箱子、数独、逻辑解谜等60款作品，锻炼观察力与逻辑思维，网页版免下载，适合课间放松。
P1,B-玩法品类,射击小游戏,交易-找游戏,高,中,中,男生向，库存充足,聚合专题页,/special/sheji.htm,射击小游戏大全_2026最新30款_枪战在线玩不用下载,4399射击游戏合集收录狙击、枪战、守城主题的30款作品，手感扎实不卡帧，网页版免下载，打开就开火。
P1,B-玩法品类,格斗小游戏,交易-找游戏,高,中,中,与火柴人词条可互通引流,聚合专题页,/special/gedou.htm,格斗小游戏大全_2026最新25款_免费在线对战,4399格斗游戏合集收录火柴人对战、武侠对决、连招格斗等25款作品，支持双人对打，网页版免下载，一个人也能练招。
P1,B-玩法品类,拼图小游戏,交易-找游戏,中,低,中,低龄与怀旧，亲子场景强,聚合专题页,/special/pintu.htm,拼图小游戏大全_2026最新20款_免费儿童益智在线玩,4399拼图游戏合集收录风景、动物、动漫素材的20款拼图，难度从四片到百片分级，网页版免下载，儿童练耐心首选。
P1,B-玩法品类,迷宫小游戏,交易-找游戏,中,低,中,有库存但缺专页承接,聚合专题页,/special/migong.htm,迷宫小游戏大全_2026最新15款_免费在线玩,4399迷宫合集收录贪吃蛇式走位、3D立体、限时逃脱等15款迷宫，走错一步就要重来，网页版免下载，适合练空间感。
P1,B-玩法品类,僵尸小游戏,交易-找游戏,高,中,中,头部同位词衍生的大盘词,聚合专题页,/special/jiangshi.htm,僵尸小游戏大全_2026最新20款_打僵尸在线玩不用下载,4399僵尸题材合集收录塔防、射击、跑酷等20款打僵尸游戏，尸潮来了守住最后一道防线，网页版免下载，胆小勿入。
P1,B-玩法品类,恐龙小游戏,交易-找游戏,中,低,中,儿童向，低龄男生偏好，竞争低,聚合专题页,/special/konglong.htm,恐龙小游戏大全_2026最新15款_侏罗纪主题在线玩,4399恐龙游戏合集收录侏罗纪冒险、喂养恐龙、恐龙拼图等15款作品，边玩边认识霸王龙与三角龙，网页版免下载，男孩子最爱。
P1,B-玩法品类,大鱼吃小鱼,交易-找游戏,中,低,高,已有/special/93.htm老专题需要翻新,聚合专题页,/special/dayuchixiaoyu.htm,大鱼吃小鱼在线玩_经典版加海洋版_免下载攻略,4399大鱼吃小鱼在线玩，从小鱼一路吃到鲨鱼，同时避开大鱼吞噬，网页版免下载，附长大路线与高分技巧。
P1,B-玩法品类,3D游戏,交易-找游戏,高,中,中,已有/special/260.htm，画面党需求明确,聚合专题页,/special/3dyouxi.htm,3D小游戏大全_2026最新30款_网页3D在线玩不用下载,43993D游戏合集收录赛车、跑酷、射击主题的30款网页3D作品，不用装驱动也能跑，打开浏览器就有立体画面。
P1,B-玩法品类,解谜小游戏,交易-找游戏,中,中,中,已有/special/212.htm但内容偏薄,聚合专题页,/special/jiemi.htm,解谜小游戏大全_2026最新25款_免费智力挑战在线玩,4399解谜合集收录密室、找茬、机关、逃脱等25款智力挑战，线索藏在细节里，网页版免下载，适合耐心型玩家。
P1,B-玩法品类,休闲小游戏,交易-找游戏,极高,高,中,大盘词，首页已覆盖，需专页承接长尾,聚合专题页,/special/xiuxian.htm,休闲小游戏大全_2026最新80款_免费在线玩不用下载,4399休闲游戏合集收录80款轻松不肝的小作品，三分钟一局随开随停，网页版免下载，排队等位来一把正合适。
P1,B-玩法品类,儿童小游戏,交易-找游戏,高,中,高,家长群体决策，已有宝贝专题可升级,聚合专题页,/special/ertong.htm,儿童小游戏大全_2026最新40款_益智又安全在线玩,4399儿童游戏专区收录识字、算数、涂色、拼图等40款益智内容，无暴力无诱导充值，网页版免下载，家长可放心让孩子玩。
P1,B-玩法品类,装扮小游戏,交易-找游戏,中,低,中,与换装合并运营即可覆盖,聚合专题页,/special/zhuangban.htm,装扮小游戏大全_2026最新30款_发型服饰自由搭,4399装扮游戏合集收录公主美妆、房间布置、宠物穿戴等30款作品，拖动即搭配，网页版免下载，随手搭配出风格。
P1,B-玩法品类,组装小游戏,交易-找游戏,中,低,中,已有/special/293.htm，组装类刚需稳定,聚合专题页,/special/zuzhuang.htm,组装小游戏大全_2026最新20款_机器人变身在线玩,4399组装变身合集收录机甲、战车拼装等20款作品，按图纸一步步合体，网页版免下载，动手党过瘾。
P1,B-玩法品类,钓鱼小游戏,交易-找游戏,中,低,中,佛系休闲，竞争低,聚合专题页,/special/diaoyu.htm,钓鱼小游戏大全_2026最新15款_免费在线玩,4399钓鱼合集收录海钓、冰钓、养鱼赚钱等15款佛系作品，甩竿收竿节奏慢，网页版免下载，适合静下心来玩。
P1,B-玩法品类,找茬小游戏,交易-找游戏,中,低,中,经典眼力挑战，隐性办公场景需求,聚合专题页,/special/zhaocha.htm,找茬小游戏大全_2026最新20款_大家来找茬在线玩,4399找茬合集收录图片对比、细节推理等20款眼力挑战，五处不同你能找齐吗，网页版免下载，一起来练眼力。
P1,B-玩法品类,泡泡堂小游戏,交易-找游戏,中,中,中,Q版炸弹人，IP认知度高,聚合专题页,/special/paopaotang.htm,泡泡堂在线玩_Q版炸弹人_双人同屏对战4399,4399泡泡堂同类Q版炸弹人游戏，放泡泡炸开箱子击败对手，支持双人同屏对战，网页版免下载，唤起网吧记忆。
P1,D-场景设备,情侣双人游戏,交易-找游戏,中,低,高,社交与节日场景，转化率高,场景答疑页,/zy/qinglvshuangrenyouxi.htm,情侣双人游戏推荐_2026最新20款_异地也能一起玩,异地也能一起玩！4399精选20款适合情侣的两人合作或对战小游戏，一台电脑或各自手机都能开局，附暖心双人清单。
P1,D-场景设备,适合女生玩的游戏,交易-找游戏,中,低,高,性别定向长尾，现有页面未覆盖,聚合专题页,/special/nvsheng.htm,适合女生玩的游戏大全_2026最新40款_换装做饭在线玩,4399女生向游戏合集收录换装、化妆、做饭、经营类40款作品，画风治愈音效轻快，网页版免下载，一个人也能玩很久。
P1,D-场景设备,适合小学生玩的游戏,交易-找游戏,中,低,高,家长搜索决策，低竞争高转化,聚合专题页,/special/xiaoxuesheng.htm,适合小学生玩的游戏推荐_益智健康_家长放心在线玩,给小学生选游戏怕踩坑？4399筛选40款益智向、无充值无暴力的网页游戏，含识字算数与动手建造，建议家长陪同体验。
P1,D-场景设备,手机上能玩的双人游戏,交易-找游戏,中,低,高,移动端H5场景，流量可导向游戏盒,聚合专题页,/special/shoujishuangren.htm,手机双人游戏大全_2026最新20款_不用下载也能玩,手机也能两个人一起玩！4399精选20款适配手机浏览器的双人小游戏，躺沙发上一起消遣，部分支持扫码同桌联动。
P1,D-场景设备,网页版在线玩,信息+交易,高,中,高,H5本质优势词，应贯穿全站,聚合专题页,/special/wangyeban.htm,网页游戏大全_2026最新1200款_打开网页就能玩,不用下客户端不用注册，4399网页版游戏集合1200余款，打开浏览器点一下就进游戏，低配电脑也能流畅运行。
P1,D-场景设备,4399云游戏,导航-品牌+云,中,低,高,自有产品y.4399.com需要站内承接入口,聚合专题页,/special/yunyouxi.htm,4399云游戏_在线免下载玩大作_低配电脑也能跑,4399云游戏专区，不用下载安装，云端渲染直接在线畅玩热门大作，老旧电脑与手机都能跑，按提示一键云玩。
P1,D-场景设备,微信小游戏,交易-找游戏,高,中,中,已有/special/308.htm，渠道属性强,聚合专题页,/special/weixinxiaoyouxi.htm,微信小游戏大全_2026最新热门_打开即玩无需安装,4399整理的微信小游戏入口清单，扫码或搜索即可开玩，不用装App占内存，含消除、塔防、跑酷等热门类型。
P1,D-场景设备,三个人一起玩的游戏,交易-找游戏,低,低,高,已有/special/225.htm三人专题，但口语问法未覆盖,聚合专题页,/special/sanren.htm,三人游戏大全_2026最新15款_三个人一台电脑在线玩,三个人怎么一起玩？4399收录15款支持三人同屏的网页小游戏，不用轮流排队等待，打开就能一起上。
P1,F-榜单推荐,好玩的双人游戏推荐,信息-决策,中,低,高,推荐语气长尾词，比纯词转化更好,榜单页,/top/haowandeshuanrenyouxi.htm,好玩的双人游戏推荐_2026前十名_朋友聚会必玩清单,不知道两个人玩什么？4399编辑实测筛出十款最上头的双人网页游戏，含对战与合作两种，附难度与上手门槛说明。
P1,F-榜单推荐,最好玩的休闲小游戏,信息-决策,中,中,中,泛决策词，用榜单体例承接最自然,榜单页,/top/zuihaowandexiuxian.htm,最好玩的休闲小游戏排行_2026前十推荐_免下载在线玩,4399休闲游戏人气榜，按真实开玩人数排出前十款，标注单局时长与适合人群，照着榜单玩不踩雷。
P1,F-榜单推荐,十大益智游戏排行,信息-决策,中,低,中,排行体例容易被引用转载带来外链,榜单页,/top/shidayizhiyouxipaihang.htm,十大益智游戏排行_2026烧脑程度排序_在线玩,想练脑子选哪个？4399按烧脑程度排出十款经典益智游戏，从入门到变态级标注清楚，每一款都能在线直接玩。
P1,F-榜单推荐,最近热门小游戏,信息-时效,中,中,中,时效词，配合每日上新资源自动更新,榜单页,/top/zuijinremen.htm,最近热门小游戏排行_本周人气前十_2026最新,本周4399平台人气上升最快的小游戏榜单，按实际开玩人数排序，跟着大家玩不容易错过爆款，每天刷新。
P2,C-系列IP,植物大战僵尸小游戏,交易-找游戏/系列,极高,高,中,头部IP，建议用同款塔防承接以规避版权风险,系列聚合页,/xilie/zhiwudazhanjiangshi.htm,植物大战僵尸同款塔防_在线玩_2026最新玩法,喜欢用植物打僵尸？4399收录多款同类型塔防作品，种植物挡尸潮，网页版免下载打开就布阵，附开局布局思路。
P2,C-系列IP,海绵宝宝小游戏,交易-找游戏,中,低,中,已有/special/17.htm，儿童向经典IP,系列聚合页,/xilie/haimianbaobao.htm,海绵宝宝小游戏全集_在线玩_比奇堡大冒险合集,4399海绵宝宝游戏合集收录捉水母、做蟹黄堡等主题作品，还原动画画风与笑点，网页版免下载，小朋友和大朋友都能玩。
P2,C-系列IP,洛克王国,导航-自有IP,极高,低,极高,自有核心IP，已跑通宠物怎么得的长尾模式,详情枢纽页,/flash/32979.htm已承接,洛克王国_4399洛克王国在线玩_宠物大全加攻略,4399洛克王国官方页，支持在线开玩，附全宠物图鉴、取得方式与版本更新资讯，开服多年仍每周更新。
P2,C-系列IP,洛克王国某宠物怎么得,信息-点状长尾,高,极低,极高,已验证模式，单个宠物即一个词，复制空间极大,实体问答页,/wd/luoke-{pet}.htm,洛克王国{宠物名}怎么得_在哪抓_练级推荐,洛克王国{宠物名}获取方式：出现地点、捕捉条件与推荐练级路线一次讲清，页面内可直接进入洛克王国开玩，边查边抓。
P2,C-系列IP,赛尔号,交易-找游戏,高,中,中,同类型IP，儿童向，站内资源待聚合,系列聚合页,/xilie/saierhao.htm,赛尔号在线玩_4399页游版_精灵捕捉攻略,4399赛尔号相关游戏与攻略页，在线启动即可捕捉精灵，附属性克制与任务流程，网页版免下载。
P2,C-系列IP,地铁跑酷小游戏,交易-找游戏,高,中,中,大IP的H5同款，借势需注意表述口径,系列聚合页,/xilie/ditipaoku.htm,地铁跑酷同款游戏_2026最新无限跑酷_在线免下载,喜欢地铁跑酷这类无限跑酷？4399收录多款同类型作品，躲避列车收集金币，网页版免下载打开就跑。
P2,C-系列IP,奥特曼小游戏,交易-找游戏,中,低,中,男童刚需，IP表述需注意合规口径,系列聚合页,/xilie/aoteman.htm,奥特曼小游戏大全_2026最新20款_打怪兽在线玩,4399奥特曼题材合集收录变身、格斗、守卫地球等20款作品，释放光线击败怪兽，网页版免下载，小男孩的快乐回来了。
P2,C-系列IP,三国杀,导航+交易,中,中,中,自有专区需与站内页互通承接,系列聚合页,/xilie/sanguosha.htm,三国杀在线玩_4399官方_身份局与国战入口,4399三国杀官方通道，支持在线开局，含身份局与国战模式入口，附新手身份武将讲解，不用下载直接开打。
P2,G-节点热点,暑假小游戏,交易-找游戏,中,低,高,季节性明显，提前三十天上线可吃满整季流量,热点聚合页,/hot/shujiaxiaoyouxi.htm,暑假小游戏大全_2026最新50款_放假在家在线玩,暑假不知道玩什么？4399暑假专区精选50款适合假期消磨时间的网页游戏，按运动、建造、解谜分类推荐，每天更新。
P2,G-节点热点,新出的小游戏,信息-时效,中,低,高,每日25款上新天然匹配该需求,聚合专题页,/flash/已承接,新出的小游戏_2026每日上新列表_4399最新游戏,4399每日上新列表，今天已更新25款全新免费小游戏，覆盖休闲、竞技、解谜、双人四大类，抢先体验新作。
P2,G-节点热点,春节或中秋或国庆小游戏,交易-找游戏,中,低,高,节前搜索集中，用同一套模板轮换即可复用,热点聚合页,/hot/{jieri}xiaoyouxi.htm,{节日}小游戏大全_2026最新20款_节日主题在线玩,{节日}到了，4399推出节日主题游戏合集，含应景装扮与节日大餐等20款作品，网页版免下载，全家一起玩更有气氛。
